23430d1a-5ff0-4f3d-a90c-e278418e1a00,2839cee5-8bd4-45a6-b289-fa8435d6673a,2022-01-31 09:00:00-00,2022-01-31 09:30:00-00,oneoff
23430d1a-5ff0-4f3d-a90c-e278418e1a01,2839cee5-8bd4-45a6-b289-fa8435d6673a,2022-01-31 09:30:00-00,2022-01-31 10:00:00-00,oneoff
23430d1a-5ff0-4f3d-a90c-e278418e1a02,2839cee5-8bd4-45a6-b289-fa8435d6673a,2022-01-31 10:00:00-00,2022-01-31 10:30:00-00,oneoff
23430d1a-5ff0-4f3d-a90c-e278418e1a03,2839cee5-8bd4-45a6-b289-fa8435d6673a,2022-01-31 10:30:00-00,2022-01-31 11:00:00-00,oneoff
23430d1a-5ff0-4f3d-a90c-e278418e1a04,2839cee5-8bd4-45a6-b289-fa8435d6673a,2022-01-31 11:00:00-00,2022-01-31 11:30:00-00,oneoff
23430d1a-5ff0-4f3d-a90c-e278418e1a05,2839cee5-8bd4-45a6-b289-fa8435d6673a,2022-01-31 11:30:00-00,2022-01-31 13:00:00-00,oneoff
23430d1a-5ff0-4f3d-a90c-e278418e1a08,2839cee5-8bd4-45a6-b289-fa8435d6673a,2022-01-31 13:00:00-00,2022-01-31 13:30:00-00,oneoff
23430d1a-5ff0-4f3d-a90c-e278418e1a09,2839cee5-8bd4-45a6-b289-fa8435d6673a,2022-01-31 13:30:00-00,2022-01-31 14:00:00-00,oneoff
23430d1a-5ff0-4f3d-a90c-e278418e1a10,2839cee5-8bd4-45a6-b289-fa8435d6673a,2022-01-31 14:00:00-00,2022-01-31 14:30:00-00,oneoff
23430d1a-5ff0-4f3d-a90c-e278418e1a11,2839cee5-8bd4-45a6-b289-fa8435d6673a,2022-01-31 14:30:00-00,2022-01-31 15:00:00-00,oneoff
23430d1a-5ff0-4f3d-a90c-e278418e1a12,2839cee5-8bd4-45a6-b289-fa8435d6673a,2022-01-31 15:00:00-00,2022-01-31 15:30:00-00,oneoff
23430d1a-5ff0-4f3d-a90c-e278418e1a13,2839cee5-8bd4-45a6-b289-fa8435d6673a,2022-01-31 15:30:00-00,2022-01-31 16:00:00-00,oneoff
23430d1a-5ff0-4f3d-a90c-e278418e1a14,2839cee5-8bd4-45a6-b289-fa8435d6673a,2022-01-31 16:00:00-00,2022-01-31 16:30:00-00,oneoff
23430d1a-5ff0-4f3d-a90c-e278418e1a15,2839cee5-8bd4-45a6-b289-fa8435d6673a,2022-01-31 16:30:00-00,2022-01-31 17:00:00-00,oneoff
23430d1a-5ff0-4f3d-a90c-e278418e2a00,2839cee5-8bd4-45a6-b289-fa8435d6673a,2022-02-01 09:00:00-00,2022-02-01 09:30:00-00,oneoff
23430d1a-5ff0-4f3d-a90c-e278418e2a01,2839cee5-8bd4-45a6-b289-fa8435d6673a,2022-02-01 09:30:00-00,2022-02-01 10:00:00-00,oneoff
23430d1a-5ff0-4f3d-a90c-e278418e2a02,2839cee5-8bd4-45a6-b289-fa8435d6673a,2022-02-01 10:00:00-00,2022-02-01 10:30:00-00,oneoff
23430d1a-5ff0-4f3d-a90c-e278418e2a03,2839cee5-8bd4-45a6-b289-fa8435d6673a,2022-02-01 10:30:00-00,2022-02-01 11:00:00-00,oneoff
23430d1a-5ff0-4f3d-a90c-e278418e2a04,2839cee5-8bd4-45a6-b289-fa8435d6673a,2022-02-01 11:00:00-00,2022-02-01 11:30:00-00,oneoff
23430d1a-5ff0-4f3d-a90c-e278418e2a05,2839cee5-8bd4-45a6-b289-fa8435d6673a,2022-02-01 11:30:00-00,2022-02-01 13:00:00-00,oneoff
23430d1a-5ff0-4f3d-a90c-e278418e2a08,2839cee5-8bd4-45a6-b289-fa8435d6673a,2022-02-01 13:00:00-00,2022-02-01 13:30:00-00,oneoff
23430d1a-5ff0-4f3d-a90c-e278418e2a09,2839cee5-8bd4-45a6-b289-fa8435d6673a,2022-02-01 13:30:00-00,2022-02-01 14:00:00-00,oneoff
23430d1a-5ff0-4f3d-a90c-e278418e2a10,2839cee5-8bd4-45a6-b289-fa8435d6673a,2022-02-01 14:00:00-00,2022-02-01 14:30:00-00,oneoff
23430d1a-5ff0-4f3d-a90c-e278418e2a11,2839cee5-8bd4-45a6-b289-fa8435d6673a,2022-02-01 14:30:00-00,2022-02-01 15:00:00-00,oneoff
23430d1a-5ff0-4f3d-a90c-e278418e2a12,2839cee5-8bd4-45a6-b289-fa8435d6673a,2022-02-01 15:00:00-00,2022-02-01 15:30:00-00,oneoff
23430d1a-5ff0-4f3d-a90c-e278418e2a13,2839cee5-8bd4-45a6-b289-fa8435d6673a,2022-02-01 15:30:00-00,2022-02-01 16:00:00-00,oneoff
23430d1a-5ff0-4f3d-a90c-e278418e2a14,2839cee5-8bd4-45a6-b289-fa8435d6673a,2022-02-01 16:00:00-00,2022-02-01 16:30:00-00,oneoff
23430d1a-5ff0-4f3d-a90c-e278418e2a15,2839cee5-8bd4-45a6-b289-fa8435d6673a,2022-02-01 16:30:00-00,2022-02-01 17:00:00-00,oneoff
23430d1a-5ff0-4f3d-a90c-e278418e3a00,2839cee5-8bd4-45a6-b289-fa8435d6673a,2022-02-02 09:00:00-00,2022-02-02 09:30:00-00,oneoff
23430d1a-5ff0-4f3d-a90c-e278418e3a01,2839cee5-8bd4-45a6-b289-fa8435d6673a,2022-02-02 09:30:00-00,2022-02-02 10:00:00-00,oneoff
23430d1a-5ff0-4f3d-a90c-e278418e3a02,2839cee5-8bd4-45a6-b289-fa8435d6673a,2022-02-02 10:00:00-00,2022-02-02 10:30:00-00,oneoff
23430d1a-5ff0-4f3d-a90c-e278418e3a03,2839cee5-8bd4-45a6-b289-fa8435d6673a,2022-02-02 10:30:00-00,2022-02-02 11:00:00-00,oneoff
23430d1a-5ff0-4f3d-a90c-e278418e3a04,2839cee5-8bd4-45a6-b289-fa8435d6673a,2022-02-02 11:00:00-00,2022-02-02 11:30:00-00,oneoff
23430d1a-5ff0-4f3d-a90c-e278418e3a05,2839cee5-8bd4-45a6-b289-fa8435d6673a,2022-02-02 11:30:00-00,2022-02-02 13:00:00-00,oneoff
23430d1a-5ff0-4f3d-a90c-e278418e3a08,2839cee5-8bd4-45a6-b289-fa8435d6673a,2022-02-02 13:00:00-00,2022-02-02 13:30:00-00,oneoff
23430d1a-5ff0-4f3d-a90c-e278418e3a09,2839cee5-8bd4-45a6-b289-fa8435d6673a,2022-02-02 13:30:00-00,2022-02-02 14:00:00-00,oneoff
23430d1a-5ff0-4f3d-a90c-e278418e3a10,2839cee5-8bd4-45a6-b289-fa8435d6673a,2022-02-02 14:00:00-00,2022-02-02 14:30:00-00,oneoff
23430d1a-5ff0-4f3d-a90c-e278418e3a11,2839cee5-8bd4-45a6-b289-fa8435d6673a,2022-02-02 14:30:00-00,2022-02-02 15:00:00-00,oneoff
23430d1a-5ff0-4f3d-a90c-e278418e3a12,2839cee5-8bd4-45a6-b289-fa8435d6673a,2022-02-02 15:00:00-00,2022-02-02 15:30:00-00,oneoff
23430d1a-5ff0-4f3d-a90c-e278418e3a13,2839cee5-8bd4-45a6-b289-fa8435d6673a,2022-02-02 15:30:00-00,2022-02-02 16:00:00-00,oneoff
23430d1a-5ff0-4f3d-a90c-e278418e3a14,2839cee5-8bd4-45a6-b289-fa8435d6673a,2022-02-02 16:00:00-00,2022-02-02 16:30:00-00,oneoff
23430d1a-5ff0-4f3d-a90c-e278418e3a15,2839cee5-8bd4-45a6-b289-fa8435d6673a,2022-02-02 16:30:00-00,2022-02-02 17:00:00-00,oneoff
23430d1a-5ff0-4f3d-a90c-e278418e4a00,2839cee5-8bd4-45a6-b289-fa8435d6673a,2022-02-03 09:00:00-00,2022-02-03 09:30:00-00,oneoff
23430d1a-5ff0-4f3d-a90c-e278418e4a01,2839cee5-8bd4-45a6-b289-fa8435d6673a,2022-02-03 09:30:00-00,2022-02-03 10:00:00-00,oneoff
23430d1a-5ff0-4f3d-a90c-e278418e4a02,2839cee5-8bd4-45a6-b289-fa8435d6673a,2022-02-03 10:00:00-00,2022-02-03 10:30:00-00,oneoff
23430d1a-5ff0-4f3d-a90c-e278418e4a03,2839cee5-8bd4-45a6-b289-fa8435d6673a,2022-02-03 10:30:00-00,2022-02-03 11:00:00-00,oneoff
23430d1a-5ff0-4f3d-a90c-e278418e4a04,2839cee5-8bd4-45a6-b289-fa8435d6673a,2022-02-03 11:00:00-00,2022-02-03 11:30:00-00,oneoff
23430d1a-5ff0-4f3d-a90c-e278418e4a05,2839cee5-8bd4-45a6-b289-fa8435d6673a,2022-02-03 11:30:00-00,2022-02-03 13:00:00-00,oneoff
23430d1a-5ff0-4f3d-a90c-e278418e4a08,2839cee5-8bd4-45a6-b289-fa8435d6673a,2022-02-03 13:00:00-00,2022-02-03 13:30:00-00,oneoff
23430d1a-5ff0-4f3d-a90c-e278418e4a09,2839cee5-8bd4-45a6-b289-fa8435d6673a,2022-02-03 13:30:00-00,2022-02-03 14:00:00-00,oneoff
23430d1a-5ff0-4f3d-a90c-e278418e4a10,2839cee5-8bd4-45a6-b289-fa8435d6673a,2022-02-03 14:00:00-00,2022-02-03 14:30:00-00,oneoff
23430d1a-5ff0-4f3d-a90c-e278418e4a11,2839cee5-8bd4-45a6-b289-fa8435d6673a,2022-02-03 14:30:00-00,2022-02-03 15:00:00-00,oneoff
23430d1a-5ff0-4f3d-a90c-e278418e4a12,2839cee5-8bd4-45a6-b289-fa8435d6673a,2022-02-03 15:00:00-00,2022-02-03 15:30:00-00,oneoff
23430d1a-5ff0-4f3d-a90c-e278418e4a13,2839cee5-8bd4-45a6-b289-fa8435d6673a,2022-02-03 15:30:00-00,2022-02-03 16:00:00-00,oneoff
23430d1a-5ff0-4f3d-a90c-e278418e4a14,2839cee5-8bd4-45a6-b289-fa8435d6673a,2022-02-03 16:00:00-00,2022-02-03 16:30:00-00,oneoff
23430d1a-5ff0-4f3d-a90c-e278418e4a15,2839cee5-8bd4-45a6-b289-fa8435d6673a,2022-02-03 16:30:00-00,2022-02-03 17:00:00-00,oneoff
23430d1a-5ff0-4f3d-a90c-e278418e5a00,2839cee5-8bd4-45a6-b289-fa8435d6673a,2022-02-04 09:00:00-00,2022-02-04 09:30:00-00,oneoff
23430d1a-5ff0-4f3d-a90c-e278418e5a01,2839cee5-8bd4-45a6-b289-fa8435d6673a,2022-02-04 09:30:00-00,2022-02-04 10:00:00-00,oneoff
23430d1a-5ff0-4f3d-a90c-e278418e5a02,2839cee5-8bd4-45a6-b289-fa8435d6673a,2022-02-04 10:00:00-00,2022-02-04 10:30:00-00,oneoff
23430d1a-5ff0-4f3d-a90c-e278418e5a03,2839cee5-8bd4-45a6-b289-fa8435d6673a,2022-02-04 10:30:00-00,2022-02-04 11:00:00-00,oneoff
23430d1a-5ff0-4f3d-a90c-e278418e5a04,2839cee5-8bd4-45a6-b289-fa8435d6673a,2022-02-04 11:00:00-00,2022-02-04 11:30:00-00,oneoff
23430d1a-5ff0-4f3d-a90c-e278418e5a05,2839cee5-8bd4-45a6-b289-fa8435d6673a,2022-02-04 11:30:00-00,2022-02-04 13:00:00-00,oneoff
23430d1a-5ff0-4f3d-a90c-e278418e5a08,2839cee5-8bd4-45a6-b289-fa8435d6673a,2022-02-04 13:00:00-00,2022-02-04 13:30:00-00,oneoff
23430d1a-5ff0-4f3d-a90c-e278418e5a09,2839cee5-8bd4-45a6-b289-fa8435d6673a,2022-02-04 13:30:00-00,2022-02-04 14:00:00-00,oneoff
23430d1a-5ff0-4f3d-a90c-e278418e5a10,2839cee5-8bd4-45a6-b289-fa8435d6673a,2022-02-04 14:00:00-00,2022-02-04 14:30:00-00,oneoff
23430d1a-5ff0-4f3d-a90c-e278418e5a11,2839cee5-8bd4-45a6-b289-fa8435d6673a,2022-02-04 14:30:00-00,2022-02-04 15:00:00-00,oneoff
23430d1a-5ff0-4f3d-a90c-e278418e5a12,2839cee5-8bd4-45a6-b289-fa8435d6673a,2022-02-04 15:00:00-00,2022-02-04 15:30:00-00,oneoff
23430d1a-5ff0-4f3d-a90c-e278418e5a13,2839cee5-8bd4-45a6-b289-fa8435d6673a,2022-02-04 15:30:00-00,2022-02-04 16:00:00-00,oneoff
23430d1a-5ff0-4f3d-a90c-e278418e5a14,2839cee5-8bd4-45a6-b289-fa8435d6673a,2022-02-04 16:00:00-00,2022-02-04 16:30:00-00,oneoff
23430d1a-5ff0-4f3d-a90c-e278418e5a15,2839cee5-8bd4-45a6-b289-fa8435d6673a,2022-02-04 16:30:00-00,2022-02-04 17:00:00-00,oneoff
23430d1a-5ff0-4f3d-a90c-e278418e1b00,2839cee5-8bd4-45a6-b289-fa8435d6673b,2022-01-31 09:00:00-00,2022-01-31 10:00:00-00,consultation
23430d1a-5ff0-4f3d-a90c-e278418e1b01,2839cee5-8bd4-45a6-b289-fa8435d6673b,2022-01-31 10:00:00-00,2022-01-31 11:00:00-00,consultation
23430d1a-5ff0-4f3d-a90c-e278418e1b02,2839cee5-8bd4-45a6-b289-fa8435d6673b,2022-01-31 11:00:00-00,2022-01-31 12:00:00-00,consultation
23430d1a-5ff0-4f3d-a90c-e278418e1b03,2839cee5-8bd4-45a6-b289-fa8435d6673b,2022-01-31 12:00:00-00,2022-01-31 14:00:00-00,consultation
23430d1a-5ff0-4f3d-a90c-e278418e1b04,2839cee5-8bd4-45a6-b289-fa8435d6673b,2022-01-31 14:00:00-00,2022-01-31 15:00:00-00,consultation
23430d1a-5ff0-4f3d-a90c-e278418e1b05,2839cee5-8bd4-45a6-b289-fa8435d6673b,2022-01-31 15:00:00-00,2022-01-31 16:00:00-00,consultation
23430d1a-5ff0-4f3d-a90c-e278418e1b06,2839cee5-8bd4-45a6-b289-fa8435d6673b,2022-01-31 16:00:00-00,2022-01-31 17:00:00-00,consultation
